Nom,Prénom,Date de Naissance,Email,Téléphone,Adresse,CP,Ville,Code Patient,Médecin,Centre,Protocole,Date Renouvellement,Notes
Dupont,Jean,15/03/1980,jean.dupont@example.com,0612345678,12 rue de la Paix,75001,Paris,PAT001,Dr. Martin,Centre Paris Nord,Protocole Standard,15/12/2025,Patient régulier
Martin,Sophie,22/07/1975,sophie.martin@example.com,0623456789,45 avenue des Champs,69001,Lyon,PAT002,Dr. Dubois,Centre Lyon Sud,Protocole Intensif,20/01/2026,Suivi mensuel
Bernard,Pierre,10/11/1968,pierre.bernard@example.com,0634567890,78 boulevard Victor Hugo,13001,Marseille,PAT003,Dr. Laurent,Centre Marseille Est,Protocole Allégé,05/02/2026,RAS
Petit,Marie,05/05/1990,marie.petit@example.com,0645678901,23 rue du Commerce,75015,Paris,PAT004,Dr. Martin,Centre Paris Nord,Protocole Standard,10/03/2026,Nouveau patient
Durand,Paul,18/09/1985,paul.durand@example.com,06.56.78.90.12,56 rue de la République,69002,Lyon,PAT005,Dr. Dubois,Centre Lyon Sud,Protocole Intensif,25/03/2026,
Leroy,Christine,28/12/1972,christine.leroy@example.com,06 67 89 01 23,89 rue Nationale,13002,Marseille,PAT006,Dr. Laurent,Centre Marseille Est,Protocole Standard,15/04/2026,Contrôle trimestriel
Moreau,Jacques,14/06/1965,jacques.moreau@example.com,0678901234,34 place de la Mairie,75020,Paris,PAT007,Dr. Martin,Centre Paris Nord,Protocole Allégé,30/04/2026,
Simon,Isabelle,03/02/1988,isabelle.simon@example.com,0689012345,67 rue de Rivoli,69003,Lyon,PAT008,Dr. Dubois,Centre Lyon Sud,Protocole Standard,15/05/2026,Patient prioritaire
Michel,François,25/08/1978,francois.michel@example.com,0690123456,12 cours Gambetta,13003,Marseille,PAT009,Dr. Laurent,Centre Marseille Est,Protocole Intensif,20/06/2026,Suivi régulier
Lefebvre,Nathalie,11/04/1982,nathalie.lefebvre@example.com,0601234567,45 rue Saint-Antoine,75011,Paris,PAT010,Dr. Martin,Centre Paris Nord,Protocole Standard,05/07/2026,
